Index_Close,Oil_Close
52,79.05
53.02,79.27
53.849998,80.14
53.790001,80.57
54.200001,80.06
53.77,80.14
52.66,79.38
53.189999,77.57
53.380001,77.61
52.779999,76.85
53.119999,75.18
52.459999,75.09
51.619999,74.13
49.990002,72.73
50.810001,72.18
50.34,72.63
49.869999,72.75
49.689999,70.65
48.330002,71.2
49.880001,71.58
50.91,73.94
50.560001,75.77
48.110001,71.3
47.790001,70.11
47.639999,69.62
48.689999,70.4
48.779999,70.4
49.599998,72.35
49.299999,71.49
50.919998,74.82
50.970001,74.89
51.23,76.61
51.650002,76.88
51,76.95
50.080002,76.44
50.150002,77
50.169998,74.38
50.59,76.36
51.349998,76.07
51.82,77.5
52.330002,78.66
51.990002,77.88
53.07,79.2
52.869999,78.94
52.709999,78.77
53.41,80.29
53.360001,79.44
53.400002,79.38
52.419998,77.08
53.110001,79.45
54,80.28
52.700001,80.09
51.560001,78.37
51.799999,78.09
51.810001,79.17
51.689999,78.03
50.380001,78.64
50.23,77.98
51.599998,79.89
51.52,79.46
52.220001,80.37
53.16,82.63
54.380001,84.48
54.369999,85.05
54.209999,84.49
53.650002,82.63
54.130001,82.77
54.209999,85.21
53.93,83.44
54.639999,85.81
54.66,86.9
52.990002,84.81
52.98,83.09
54.450001,84.73
54.48,84.55
54.830002,84.58
55.779999,86.09
56.07,86.72
54.75,85.59
54.599998,84.59
54.5,86.82
54.029999,86.19
54.580002,88.09
52.91,85.39
52.099998,82.31
50.509998,80.21
49.02,76.48
51,78.08
50.689999,79
51.830002,78.7
51.650002,79.41
50.349998,76.43
49.43,73.87
49.459999,75.12
48.470001,71.86
46.400002,69.56
46.799999,70.45
46.169998,69.62
45.48,67.18
46.18,70.59
48.009998,73.56
47.950001,73
45,73.08
46.27,72.78
48,73.12
46.169998,71.84
46.57,71.09
45.740002,71.43
45.93,73.68
48.650002,74.33
48.450001,73.28
49.349998,75.11
50.32,75.29
50.52,76.12
50.330002,77.52
50.48,77.05
50.279999,78.53
48.650002,78.08
48.349998,75.22
47.459999,75.17
48.130001,76.21
47.369999,76.66
45.389999,74.21
45.009998,74.94
44.84,71.73
45.009998,71.75
44.889999,73.08
46.849998,72.97
47.73,74.56
47.869999,75.2
47.419998,74.35
48.25,76.45
47.990002,76.63
47.98,75.52
46.630001,75.55
46.759998,76.29
48.25,76.31
47.580002,75.75
48.73,77.59
48.709999,77.27
49.369999,77.9
48.619999,75.52
48.380001,76.66
48.77,78.6
48.830002,77.5
50.450001,81.93
50.32,83.6
51.110001,83.76
51.040001,82.9
50.549999,81.28
50.41,81.54
50.049999,79.89
48.18,77.83
48.18,76.63
47.860001,75.14
47.68,74.56
48.669998,76.74
48.299999,75.1
47.32,74.84
46.720001,73.48
46.77,73.08
45.939999,70.61
45.23,70.74
45.389999,74.5
46.380001,75.16
45.990002,76.05
45.619999,75.51
47.639999,75.53
48.009998,74.93
48.790001,75.03
47.950001,75.78
48.529999,77.48
48.560001,77.87
49.099998,77.54
49.450001,78.52
49.59,78.89
49.130001,78.46
48.849998,78.89
48.52,77.43
49.330002,79.42
49.349998,78.76
49.029999,77.29
48.98,77.69
49.880001,78.73
49.830002,77.71
49.77,79.14
50.93,78.79
50.98,80.77
51.450001,82.69
50.57,83.42
52.049999,83.35
52.380001,85.01
52.040001,83.67
53.009998,83.88
53.43,83.08
53.189999,82.99
54.060001,84.01
53.77,83.55
53.900002,81.94
54.450001,82.3
52.790001,81.12
53.799999,81.68
53.27,81.28
53.5,80.75
53.880001,81.91
53.630001,82.62
53.709999,81.27
53.330002,82.97
53.740002,82.47
54.279999,84.06
54.5,84.71
54.349998,85.33
56.209999,86.83
56.639999,87.05
56.799999,87.15
57,87.93
57.599998,87.92
58.439999,88.08
56.990002,86.07
57.259998,85.49
55.91,83.98
56.380001,83.36
57.900002,83.7
58.360001,83.17
58.509998,82.34
57.099998,82.37
58.240002,84.53
57.630001,84.78
57.560001,85.9
57.950001,86.02
59.470001,88.56
60.619999,89.37
60.990002,90.65
61.029999,91.25
60.66,90.78
59.990002,89.74
60.189999,89.93
60.52,89.54
60.82,90.4
60.400002,90.63
60,91.33
59.990002,91.09
60.490002,91.11
61.209999,91.31
61.93,93.11
61.880001,93.55
62.110001,93.63
61.68,93.08
61.98,93.52
62.77,93.52
62.799999,92.5
62.84,93.23
63.41,95.82
62.630001,93.52
63.119999,95.07
62.470001,94.95
62.830002,94.25
62.900002,95.05
63.889999,96.8
64.639999,97.86
64.559998,97.86
64.919998,97.86
65.419998,97.83
64.5,98.42
63.889999,96.27
63.959999,96.84
64.260002,96.76
64.019997,96.76
65.980003,96.04
65.75,96.48
65.5,97.06
67.690002,98.97
68.489998,100.4
68.57,101.3
68.68,101.69
68.410004,99.43
68.830002,99.44
68.709999,99.25
67.580002,100.16
68.169998,100.74
68.339996,99.93
69.959999,103.12
69.160004,102.48
70.349998,102.78
71.279999,103.45
71.010002,102.2
69.910004,106.82
71.709999,109.77
70.739998,113.91
72.610001,111.47
73.080002,112.27
71.290001,113.34
71.919998,116.89
73.25,114.42
72.870003,115.71
72.339996,116.58
71.43,112.32
70.910004,115.19
68.540001,114.07
70,114.07
70.730003,112.95
70.139999,111.11
69.360001,110.96
71.639999,114.18
71.120003,114.13
73.139999,114.92
73.07,115.63
73.209999,115.65
73.779999,115.41
74.669998,115.45
73.900002,115.95
74.959999,115.58
75.529999,115.35
75.32,116.94
75.580002,118.63
75.730003,120.07
75.839996,122.87
74.660004,123.01
74.559998,122.9
74.709999,126.3
73.110001,126.46
70.870003,121.33
71.360001,122.7
71.75,122.74
72.220001,124.63
71.139999,121.69
71.93,121.35
73.580002,124.26
73.949997,123.64
73.480003,124.55
73.93,124.94
73.879997,126.59
73.940002,126.64
75.169998,124.01
73.980003,121.55
71.870003,111.93
70.68,113.69
69.099998,113.21
69.540001,117.82
71.370003,115.66
71.690002,112.87
69.260002,113.08
69.099998,113.72
68.800003,109.39
68.269997,112.54
68.239998,113.2
69.779999,111.25
69.660004,110.13
70.139999,112.52
68.690002,114.47
69.730003,115.06
71.150002,114.85
71.470001,117.18
71.68,116.15
72.239998,114.3
70.709999,115.09
70.959999,115.4
70.599998,116.14
68.550003,118.43
68.690002,119.95
68.699997,118.71
69.82,120.49
68.209999,120.35
66.650002,114.67
68.279999,114.69
66.75,113.74
66.519997,112.21
66.169998,112.02
66,113.59
67.970001,108.27
68.07,104.79
67.419998,104.57
66.290001,107.57
66.699997,111.49
68.379997,111.71
69.449997,109.82
70.43,113.21
71.07,113.55
71.580002,117.4
71,117.4
72.330002,117.35
71.470001,117.36
69.410004,118.46
69.639999,117.38
69.730003,118.06
69.110001,117.05
71.800003,118.18
71.349998,118.52
72.940002,118.25
73.040001,118.99
74.230003,118.27
74.690002,118.14
74.669998,117.99
74.129997,118.16
72.599998,115.93
73.339996,116.37
72.43,116.02
72.32,113.74
69.919998,110.22
69.300003,106.92
63.389999,103.06
62.259998,103.63
56.43,103.84
60.169998,107.82
58.23,108.17
61.880001,108.89
62.080002,109.69
64.360001,111.37
62.849998,108.36
63.130001,109.37
59.080002,108.83
57.720001,110.35
57.029999,111.91
59.669998,111.91
60.240002,112.29
59.200001,115.59
60.580002,116.48
62.810001,116.43
63.630001,115.92
64.059998,113.29
63.580002,117.5
61.619999,117.99
60.990002,115.1
63.459999,114.75
62.689999,114.08
60.669998,113.1
60.700001,116.71
60.98,116.26
61.630001,112.89
62.779999,114.39
62.779999,114.26
61.400002,109.21
60.82,109.17
57.860001,107.9
54.080002,109.54
53.02,108.52
54.389999,107.08
55.919998,105.42
53.880001,103.61
53.290001,101.84
52.25,103.77
49.450001,104.38
51.439999,106.56
54,109.49
55.450001,109.22
54.400002,112.44
57.080002,112.45
57.09,114.33
57.889999,112.92
57.75,112.08
59.310001,111.76
59.130001,109
61.240002,111.6
60.700001,111.67
60.93,112.11
62.119999,110.43
63.220001,112.45
61.959999,110.01
62.919998,108.43
66.860001,106.97
67.5,110.82
64.43,110.76
62.279999,112.22
63.970001,114.75
66.120003,115.61
66.559998,115.29
66.410004,113.32
67.639999,114.43
64.75,112.57
65.550003,111.9
66.790001,111.91
65.970001,109.25
66.07,107.82
65.120003,105.98
62.630001,107.77
62.73,106.83
61.07,106.08
60.869999,109.38
58.77,111.25
58.66,111.22
60.810001,108.83
61.970001,109.59
65.209999,110.18
64.93,110.16
64.949997,110.07
65.099998,108.23
65.57,107.91
64.269997,107.82
62.23,109.25
63.41,105.72
61.599998,104.52
60.66,104
59.02,104.55
58.720001,107.8
59.209999,108
58.349998,108.98
60.630001,109.28
60.98,107.54
62.060001,106.89
61.970001,108.09
62.259998,111.12
60.84,113.37
61.080002,113.59
61.610001,111.96
63.490002,111.07
63.400002,113.3
63.27,111.66
63.080002,112.97
62.959999,109.88
63.630001,110.55
62.66,109.81
62.220001,109.54
61.52,108.5
61.720001,109.46
63.27,108.38
63.220001,108.48
62.790001,109.08
64.25,110.5
63.959999,110.24
65.160004,110.26
63.68,111.96
64.550003,110.96
64.099998,112.56
63.889999,115.47
64.160004,116.86
65.029999,117.18
66,118.4
66.870003,118.13
67.220001,118.73
67.029999,118.3
67.230003,120.25
66.489998,121
66.93,120.69
66.940002,120.85
67.209999,123.07
68.230003,124.53
68.599998,124.89
68.82,126.46
68.919998,124.02
69.440002,122.23
69.599998,125.76
69.129997,125.93
68.620003,126.68
67.959999,125.03
68.510002,125.37
67.779999,127.96
66.830002,128.08
65.480003,127.27
66.269997,128.14
66.790001,126.98
67.720001,123.63
66.239998,125.09
67.279999,125.76
66.57,124.38
66.949997,123.89
68,122.49
68.550003,125.21
67.010002,125.85
66.309998,125.25
64,124.41
65.129997,123.23
65.43,123.41
64.699997,124.44
63.580002,123.04
63.290001,123.58
64.029999,121.89
65.260002,120.41
64.139999,120.57
63.459999,120.62
62.990002,118.23
62.380001,117.41
60.91,115.18
60.580002,117
62.439999,118.08
61.490002,116.66
60.549999,117.74
61.849998,117.45
61.549999,119.33
61.639999,119.3
61.200001,118.66
61.080002,119.57
61.549999,117.57
62.290001,115.91
62.290001,111.66
63.049999,110.48
63.950001,111.89
65.389999,112.24
63.669998,112.5
62.380001,110.79
60.830002,111.4
60.810001,109.8
60.439999,109.31
60.32,108.03
60.740002,109.02
60.200001,109.76
58.990002,106.88
57.259998,107.2
57.48,107.86
56.27,107.55
55.689999,103.85
57.639999,103.86
57.16,98.63
56.869999,97.74
56.959999,98.65
57.540001,101.14
58.599998,100.05
56.470001,97.57
55.740002,98.6
54.290001,96.59
54.18,97.29
55.040001,96.46
56.009998,97.13
56.700001,95.21
55.220001,95.14
56,93.5
55.630001,89.22
54.560001,89.22
55.52,88.69
56.59,90.19
55.400002,92.06
56.73,91.02
56.73,94.17
56.689999,95.28
55.110001,99.89
53.630001,101.54
53.279999,98.5
55.799999,99.94
55.799999,99.15
57.610001,99.23
57.84,99.18
59.700001,101.91
59.360001,102.1
58.279999,104.21
57.669998,105.92
56.240002,107.79
57.040001,106.98
56.540001,103.91
57.880001,103.57
58.349998,102.35
59.060001,104.77
59.549999,106.3
59.93,106.54
59.650002,105.93
58.669998,106.78
57.82,107.55
57.98,109.57
59.549999,110.01
60.580002,112.39
61.700001,113.42
60.93,113.52
61.099998,113.13
59.919998,114.48
61.470001,113.9
61.830002,115.51
62.950001,116.12
62.950001,115.2
63.59,115.5
63.25,116.03
63.290001,115.77
63.16,117.45
62.990002,115.76
63.5,113.74
63.68,112.62
63.580002,112.53
63.52,112.28
63.790001,113.93
62.77,114.98
63.150002,113.32
63.240002,114.5
63.23,113.64
63.23,113.84
62.209999,114.86
62.810001,114.86
61.91,116
62.209999,117.48
63.5,116.7
63.5,113.29
64.910004,108.49
65.709999,109.41
66.330002,111.27
67.279999,109.2
68.309998,110.77
67.260002,108.99
66.269997,111.45
66.169998,111.36
65.940002,112.58
66.110001,112.49
65.449997,109.32
64.57,110.48
63.919998,112.17
64.809998,112.6
64.519997,114.32
64.959999,116.11
64.889999,116.18
63.599998,115.17
64.870003,115
64.410004,115
64.629997,113.49
65.32,112.58
64.239998,111.89
65.300003,109.62
64.870003,107.53
64.949997,107.66
66.300003,107.64
66.300003,108.9
67.120003,109.33
66.169998,109.4
65.599998,109.89
64.300003,108.84
63.5,106.79
63.939999,105.59
64.129997,109.27
63.810001,108.21
64.330002,107.23
63.869999,108.61
63.880001,110.23
64.900002,108.82
63.16,109.66
62.189999,110.07
62.169998,106.81
62.040001,110.06
62.41,110.01
61.060001,110.81
60.93,110.14
61.09,110.18
62.990002,109.33
62.759998,108.26
63.27,110.47
63.27,110.84
63.400002,111.27
63.240002,109.99
63.360001,108.96
63.630001,108.01
63.630001,107.16
63.25,108.25
63.139999,107.6
63.509998,110.17
63.610001,110.18
64.07,109.28
64.099998,109.35
64.099998,109.96
64.650002,109.95
63.900002,110.57
63.700001,109.13
64.309998,108.44
65.550003,110.72
65.25,110.04
65.440002,110.05
64.980003,110.8
64.360001,112.98
64.099998,113.03
63.75,112.58
63.43,112.49
63.849998,113.03
65.019997,113.07
65.970001,112.97
66.82,110.3
66.230003,111.32
65.709999,111.72
65.379997,110.97
66.07,111.01
65.739998,111.71
65.699997,112.72
66.389999,113.68
66.610001,114.59
67.07,113.88
67.800003,113.92
68.650002,115.22
68.43,115.42
68.489998,115.55
69.040001,115.55
68.980003,116.06
70.529999,117.03
70.559998,116.61
70.349998,117.17
71.089996,118.9
70.510002,118.29
71.120003,117.89
70.889999,118.43
71.199997,118.48
71.839996,117.4
71.599998,117.04
71.540001,116.23
72.169998,114.19
72.82,113.74
71.839996,114.55
72.809998,112.96
70.800003,112.24
69.550003,112.2
70.68,110.14
70,109.9
69.110001,110.42
70.639999,110.27
70.690002,110.42
70.290001,108.91
70,108.64
70.720001,108.48
70.779999,107.51
71.519997,108.1
72.019997,109.32
72.059998,108.54
72.150002,106.91
72.019997,108.27
73.089996,106.41
73.400002,106.51
72.760002,106.66
71.440002,107.1
71.720001,108.51
71.43,108.46
71.660004,108.76
71.720001,109.66
72.459999,107.82
72.620003,105.09
72.529999,103.98
72.050003,103.16
72.18,104.08
69.639999,104.8
69.389999,103.62
70.07,100.58
70.07,99.32
71.389999,97.88
72.510002,96.84
72.529999,97.48
70.82,98.94
67.760002,99.07
68.349998,99.25
66.989998,100.71
67.790001,101.62
67.459999,102.39
68.120003,102.88
68.57,101.53
70,98.34
70.199997,100.32
69.18,104.6
70.669998,105
70.669998,105.18
70.029999,103.79
70.690002,103.59
72.050003,101.31
72.610001,102.17
73.139999,102.7
73.190002,101.57
73.190002,104.27
72.879997,103.83
72.75,104.55
73.940002,103.1
73.800003,102.14
73.410004,100.46
74.580002,101.24
76.470001,103.77
76.400002,102.14
74.959999,101.79
74.279999,100.43
74.510002,101.63
75.330002,102.04
75.260002,103.51
75.449997,103.37
73.709999,104.07
73.800003,103.87
73.169998,101.5
72.860001,103.11
72.949997,103.38
74.129997,105.1
73.989998,105.8
72.519997,105.21
72.150002,105.56
73.059998,102.72
72.599998,100.36
73.790001,99.8
74.5,101.51
74.269997,100.62
71.050003,102.74
71.110001,102.49
70.68,103.19
70.989998,103.96
71.410004,106.12
71.519997,107.46
71.120003,107.75
71.800003,107.9
71.779999,108.43
71.150002,108.18
72.32,109.03
73.120003,109.05
73.690002,109.29
73.589996,109.67
74,109.71
73.860001,109.34
74.25,108.82
73.519997,109.27
74.080002,108.23
75.18,108.1
75.529999,107.57
75.800003,108.1
75.639999,107.47
74.410004,107.89
74.980003,109.94
74.760002,109.63
74.050003,109.81
74.050003,108.77
74.82,108.39
76.080002,107.32
75.730003,108.49
75.860001,109.28
75.139999,110.69
74.75,110.26
75.489998,111.58
75.510002,111.82
75.25,111.41
75.139999,110.74
74.849998,110.82
74.379997,110.51
74.18,112.12
73.489998,112.23
73.660004,115.21
73.190002,116.27
74.610001,116.91
74.910004,115.97
75.300003,115.49
74.07,115.65
74.949997,115.81
74.230003,117.15
74.059998,115.2
74.779999,112.1
75.139999,112.37
75.139999,113.11
75.860001,113.31
76.440002,110.86
76.589996,109.05
77.019997,109.09
76.889999,110.66
76.480003,110.22
76.980003,108.56
76.889999,107.68
77.870003,109.46
78.190002,108.86
76.5,109.45
76.290001,107.85
76.779999,107.32
76.529999,109.09
76.650002,109.49
76.290001,109.42
75.849998,109.66
76.440002,110.56
76.68,109.02
76.389999,111.63
77.199997,110.65
76.599998,110.13
75.529999,110.67
75.589996,110.79
76.989998,109.55
77.800003,109.4
78.300003,109.47
78.349998,109.57
79.239998,107.74
79.779999,106.63
80.330002,105.7
80.489998,108.29
81.269997,108.04
79.559998,108.41
79.690002,107.53
80.290001,105.78
80.599998,104.85
81.040001,105.01
80.540001,105.46
80.019997,103.08
79.879997,104.29
80.800003,105.76
79.82,106.29
79.419998,106.9
77.919998,108.29
79.550003,108.25
79.800003,108.8
79.480003,108.29
79.339996,108.27
80.059998,109.9
80.510002,111.36
79.389999,110.83
79.669998,112.04
80.160004,111.32
80.529999,111.07
80.849998,111.49
79.93,113.06
79.989998,113.27
79.400002,112.07
79.330002,111.5
80.150002,110.07
79.599998,108.91
79.129997,109.47
79.18,108.99
78.870003,108.08
78.93,110.3
78.900002,108.91
77.419998,109.56
77.949997,110.78
77.889999,112.15
78.470001,111.58
78.199997,111.57
78.370003,111.65
78.980003,112.06
78.910004,110.47
79.129997,109.95
79.620003,107.94
79.910004,106.57
80.459999,106.71
80,107.01
80.779999,107.42
79.610001,107.49
79.389999,106.44
79.32,108.02
79.610001,107.12
79.230003,108.09
78.940002,107.46
79.199997,108.45
77.5,108.01
78.330002,109.17
78.529999,109.69
78.769997,109.69
78.360001,109.14
78.949997,108.72
80.019997,109.1
78.949997,108.83
77.550003,109.36
77.139999,108.16
77.610001,106.55
77.300003,107.04
77.660004,106.81
77.160004,108.15
75.790001,110.12
76.709999,110.18
75.790001,109.21
76.809998,108.62
77.239998,108.98
77,108.63
77.949997,110.14
77.709999,110.37
78.220001,109.42
79.019997,109.03
79.540001,109.76
80.139999,109.19
80.419998,109.39
79.900002,108.54
81.07,108.98
80.709999,111.26
79.839996,109.17
80.029999,108.15
80.580002,107.99
80.150002,109.14
80.949997,108.27
80.550003,108.35
81.400002,107.88
81.419998,107.48
81.050003,108.08
80.269997,106.99
79.980003,106.79
79.209999,105.95
79.5,105.73
79.809998,107.2
80.800003,106.59
80.269997,107.01
80.699997,105.9
80.980003,106.58
80.660004,106.64
81.160004,105.95
80.690002,105.7
81.449997,103.37
82.279999,104.88
82.190002,106.41
82.870003,104.89
83.029999,105.83
83.82,107.39
83.550003,107.1
82.129997,107.34
83.139999,107.68
83.239998,109.1
82.279999,109.71
81.650002,109.79
82.57,109.69
83.660004,108.54
84.480003,108.48
85.510002,109.79
85.860001,109.53
86.019997,109.12
86.540001,109.89
86.870003,108.63
85.989998,108.63
85.510002,109.48
86.739998,109.48
86.879997,108.3
86.449997,108.17
86.660004,108.19
86.82,108.26
86.989998,108.37
87.730003,108.78
86.330002,109.87
86.099998,109.74
86.870003,110.9
87.150002,110.84
87.089996,110.35
86.089996,111.32
85.839996,110.89
86.169998,110.19
85.980003,110.01
86.769997,109.81
86.809998,109.09
86.639999,109.98
87.139999,109.21
87.269997,109.34
88.18,108.87
87.849998,109.07
87.870003,108.43
88.230003,109.21
88.300003,110.55
88.870003,109.18
89.400002,109.83
89.449997,112.18
89.07,113.15
89.410004,113.42
89.970001,114.02
90.839996,114.25
91.410004,115.19
91.43,114.55
92.169998,113.62
92.809998,113.74
93.400002,112.84
93.669998,112.61
91.550003,112.62
92.150002,111.03
92.099998,110.84
92.290001,110.18
92.610001,108.98
92.339996,108.7
92.230003,107.65
92.519997,106.84
91.43,106.2
91.150002,105.77
91.690002,104.73
90.879997,104.73
90.230003,105.41
90.93,106.04
90.580002,106.03
91.889999,105.71
90.239998,106.48
90.599998,106.85
90.489998,105.78
91.190002,106.89
91.669998,106.7
91.739998,106.98
91.129997,106.47
90.650002,104.94
90.809998,103.45
89.970001,103.63
88.160004,102.82
87.510002,104.17
89.029999,104.02
87.440002,103.36
87.370003,103.47
86.800003,101.68
88.349998,102.27
88.449997,101.15
87.57,101.13
87.870003,99.37
87.440002,99.74
88.309998,99.92
88.440002,100.28
89.209999,100.09
89.550003,100.49
89.540001,100.5
88.879997,100.4
89.790001,100.71
90.25,101.12
90.169998,100.21
90.120003,100.88
91.059998,101.21
89.629997,99.51
89.75,99.53
88.330002,98.08
88.82,96.26
87.459999,96.42
86.879997,96.31
86.849998,96.43
86.839996,97.39
85.25,97.7
85.660004,96.82
86.620003,96.75
86.089996,95.37
85.379997,94.87
84.660004,94.53
83.220001,95.2
83.089996,95.08
83.080002,95.7
81.800003,94.67
82.75,94.57
82.660004,91.29
81.449997,90.8
79.699997,90.65
79.209999,90.9
78.589996,90.25
78.57,90.47
77.370003,88.66
77.660004,87.82
74.790001,86.36
73.650002,84.02
70.910004,84.02
70.07,85.27
71.059998,84.42
72.860001,85.17
72.989998,86.38
73.739998,85.94
76.059998,86
74.209999,85.64
75.970001,85.57
75.629997,86.91
73.660004,85.5
75.669998,84.17
75.980003,84.9
75.559998,82.12
77.110001,82.88
75.870003,82.08
74.029999,83.2
75.940002,82.9
76.980003,80.94
78.330002,80.42
77.160004,77.74
77.360001,77.51
76.779999,76.86
75.43,77.23
76.339996,77.21
76.050003,77.61
76.029999,79.2
76.32,79.62
77.660004,77.62
78.660004,77.39
78.019997,71.89
76.790001,70.87
75.379997,71.13
69.739998,70.13
69.519997,68.48
69.769997,68
70.790001,65.64
69.910004,66.11
68.93,63.32
65.599998,63.65
66.900002,61.67
64.459999,61.09
64.300003,60.26
63.360001,59.84
62.93,58.81
63.720001,58.87
66.769997,58.31
67.800003,59.07
69.760002,58.67
68.599998,58.72
69.169998,57.86
68.5,55.6
68.480003,55.27
68.900002,55.38
68.089996,51.08
67.629997,50.12
67.800003,49.06
64.400002,49.43
63.139999,47.64
62.799999,46.9
64.400002,45.13
64.050003,45.82
61.860001,47.66
61.529999,47.38
61.740002,46.49
60.709999,46.5
63.18,46.09
62.860001,46.69
64.650002,46.07
64.790001,46.55
64.480003,47.07
65.489998,46.61
65.769997,47.52
62.849998,51.74
62.77,54.41
64.110001,55.07
66.610001,55.98
68.849998,55.88
67.199997,57
68.5,55.79
68.550003,53.48
69.120003,56.23
68.639999,60.33
68.050003,61.57
68.82,60.78
70.529999,60.72
71.290001,58.78
70.580002,60.99
70.650002,59.78
70.080002,60.33
69.650002,59.77
69.489998,61.39
70.029999,61.89
68.059998,60.75
67.809998,61.18
67.220001,59.18
67.68,60.33
67.57,59.15
67.339996,58.67
65.779999,55.95
64.800003,56.46
63.490002,56.66
64.029999,54.8
63.41,52
62.869999,52.17
63.66,52.59
63.560001,52.96
65.860001,53.88
64.459999,53.82
65.150002,53.61
64.989998,54.18
64.709999,57.02
65.800003,56.44
65.720001,53.99
65.080002,53.69
66.209999,55.73
65.93,55.73
66.209999,55.73
66.839996,57.55
68.540001,56.42
68.699997,56.04
67.900002,56.82
69.339996,57.14
69.410004,57.69
68.639999,59.32
70.25,60.13
72.650002,61.31
72.169998,61.2
71.360001,60.12
71.57,60.12
70.160004,62.66
70.809998,62.96
71.5,62.86
70.800003,62.61
70.760002,63.97
71.089996,63.9
72.279999,64.13
72.75,64.62
73.160004,65.44
72.919998,66.22
72.139999,64.93
71.620003,63.82
70.269997,62.82
71.860001,65.09
70.290001,66.33
70.940002,65.58
70.760002,64.69
70.32,65.15
70.440002,63.48
70.489998,63.52
69.110001,64.7
69.389999,64.7
70.489998,61.65
70.199997,61.35
68.790001,60.12
68.830002,63.16
68.07,62.87
68.010002,63.14
67.57,62.78
68.400002,60.34
67.699997,60.36
66.760002,61.33
67.419998,63.23
67.010002,64.68
67.040001,63.76
67.900002,63.19
67.239998,60.99
66.410004,60.75
66.129997,60.75
66.739998,61.37
66.5,59.41
66.010002,60.54
65.040001,61.67
65.889999,61.63
66.220001,60.24
65.75,60.14
64.959999,59.03
65.099998,60.31
63.68,61.65
64.260002,61.73
63.049999,59.06
63.549999,57.19
62.380001,54.72
63.279999,55.7
61.810001,57.83
62.360001,57.72
62.150002,57.63
62.810001,57.2
63.380001,57.34
61.84,57.31
61.98,56.38
60.709999,56.42
59.41,55.94
59.360001,56.36
58.43,55.76
58.669998,54.29
57.419998,54.07
56.669998,54.3
58.299999,54.73
59.169998,54.29
58.400002,53.29
57.509998,49.49
56.040001,49.08
55.860001,49.04
55.32,47.8
56.799999,47.54
55.540001,48.3
57.849998,47.33
57.84,48.29
59.080002,48.01
57.709999,47.79
57.279999,47.77
57.43,47
57.400002,45.75
55.75,45.63
54.450001,43.84
52.810001,41.59
49.919998,41.86
49.150002,41.76
50.880001,44.46
53.720001,47.97
55.220001,48.8
56.049999,47.67
53.799999,50.41
54.209999,48.59
54.459999,46.42
53.560001,48.88
54.470001,48.04
53.459999,47.77
53.779999,46.87
52.93,45.87
52.59,45.91
53.310001,49.35
55.040001,48.27
54.799999,47.28
52.779999,47.64
52.950001,46.69
52.200001,48
51.240002,47.06
51.099998,47.28
50.93,46.04
48.439999,47.58
48.419998,47.29
49.529999,47.48
49.400002,46.55
51.869999,49.45
53.959999,51.34
55.48,51.66
56.209999,52.13
57.52,52.08
57.200001,50.95
55.98,48.94
55.23,48.25
55.75,47.87
56.880001,48.96
56.759998,47.51
55.400002,46.93
55.73,46.72
54.68,46.59
55.240002,46.3
55.049999,46.57
53.439999,45.54
52.209999,47.6
53.459999,48.04
53.779999,48
54.470001,47.91
56.009998,48
57.32,46.96
56.869999,47.19
56.630001,46.09
56.189999,45.38
56.009998,46.44
55.869999,44.98
54.200001,44.98
52.93,41.98
53.07,40.28
54.939999,41.28
54.099998,41.45
55.110001,42.22
53.889999,42.49
53.119999,43.7
53.490002,44.38
54.919998,43.56
54.610001,43.55
53.639999,43.07
53.900002,43.73
54.43,42.97
52.599998,41.92
51.599998,42
50.630001,41.44
48.23,39.69
47.93,39.44
48.490002,39.04
48.849998,38.65
46.689999,36.99
46.450001,36.51
47.529999,37.66
47.080002,36.96
45.779999,36.29
44.73,36.76
44.919998,35.34
45.77,35.26
48.43,35.79
48.279999,37.22
46.77,37.08
47.330002,36.85
46.330002,35.65
47.09,36.61
47.810001,36.28
47.650002,35.56
44.700001,33.89
43.650002,33.57
43.419998,31.67
42.029999,30.14
41.419998,29.14
40.07,28.58
41.639999,28.84
39.990002,28.8
38.869999,27.36
38.529999,27.36
40.720001,26.01
42.470001,27.59
39.880001,30.46
41.759998,29.82
41.93,30.94
43.150002,31.83
44.990002,33.01
43.950001,33.14
42.240002,32.45
44.099998,30.98
44.25,32.38
43.279999,32.76
42.07,32.35
40.209999,31.64
39.880001,30.15
39.599998,29.64
40.549999,28.82
40.790001,31.8
42.77,31.09
41.860001,33.21
41.119999,33.2
42.880001,31.66
41,33.59
41.509998,31.9
41.380001,31.5
42.200001,32.83
42.049999,35.76
42.990002,35.92
45,35.73
46.790001,36.38
48.16,35.75
49.48,37.61
46.240002,39.02
46.830002,39.16
47.110001,40.26
48.93,38.63
48.41,39.41
48.150002,38.06
49.610001,37.49
50.450001,38.38
50.23,39.29
49.950001,39.26
49.700001,39.91
47.75,40.54
47.970001,38.84
47.77,38.33
47.919998,38.33
47.93,36.75
48.400002,36.75
47.470001,36.75
47.009998,36.42
46.650002,36.05
47.709999,35.88
47.669998,37.77
48.959999,37.15
49.09,40.71
51.709999,41.58
51.73,43.02
51.779999,42.81
51.040001,43.02
51.889999,41.32
53.330002,41.64
53.91,43.02
53.450001,43.09
54.900002,43.48
53.919998,43.97
55.189999,42.97
56.82,43.94
55.669998,44.17
55.709999,45.6
55.299999,45.64
53.48,45.82
52.619999,43.09
53.220001,43.08
52.830002,44.39
51.610001,44.6
52.889999,42.43
53.189999,44.01
53.009998,46.08
52.34,46.43
53.220001,47.05
53.799999,48.49
52.889999,48.71
53,48.93
53.34,47.01
53.290001,48.54
53.59,47.77
55.009998,48.42
54.610001,48.87
54.57,49.52
54.869999,49.09
54.990002,49.26
54.970001,48.81
54.700001,49.05
56.509998,48.5
57.900002,48.94
57.540001,49.76
57.400002,50.73
55.200001,50.59
54.84,49.7
54.869999,49.36
54.650002,47.88
54.060001,47.47
55.09,45.66
55.860001,46.57
56.73,48.68
56.310001,48.18
57.41,48.43
54.91,48.63
52.720001,46.69
54.68,45.07
55.869999,46.29
56.009998,48.4
56.939999,48.05
55.029999,47.65
55.200001,48.02
54.689999,45.64
55.610001,45.7
55.43,45.93
57.619999,44.53
56.779999,44.04
57.080002,46.72
56.990002,44.67
57.18,46.01
56.59,46.25
56.59,45.35
55.799999,45.7
55.939999,45.82
54.720001,44.99
55.380001,44.24
54.490002,43.76
54.68,43.56
55.619999,42.78
53.349998,41.87
53.779999,40.76
55.549999,40.17
55.310001,40
55.889999,40.45
56.779999,41.33
56.200001,42.47
55.5,43.24
56.610001,43.37
56.75,42.19
57.52,44.23
57.740002,45.12
57.73,47.31
59.43,48.27
59.07,48.58
58.080002,49.46
58.860001,49.39
58.349998,48.1
58.18,48.7
58.080002,47.56
58.450001,49.25
58.099998,49.66
57.09,49.66
56.810001,47.94
57.549999,47.94
58.560001,45.05
58.98,45.96
60.91,46.72
58.98,46.21
59.48,47
57.34,49.23
56.400002,48.37
57.27,47.82
56.68,46.48
56.57,45.65
56.189999,45.83
57.75,45.26
58.130001,46.04
56.970001,45.24
56.799999,45.99
56.09,47.21
58.900002,46.71
59.110001,46.61
59.98,44.95
59.900002,45.49
59.25,48.43
60.470001,48.24
60.41,48.61
60,48.81
60.810001,49.57
59.860001,50.14
59.630001,50.49
59.48,51.54
58.919998,50.48
58.419998,49.53
58.68,49.29
59.790001,48.87
59.860001,49.31
59.369999,49.81
58.849998,51.85
58.369999,50.42
58.599998,50.28
58.369999,49.8
57.869999,49.08
57.009998,48.98
56.779999,49.13
55.900002,47.78
56.259998,46.2
55.84,45.77
56.959999,44.26
56.959999,43.84
58.48,43.06
58.73,42.83
57.639999,43.47
58.310001,43.88
60.360001,43.67
59.75,41.61
59.389999,41.83
59.619999,44.15
61.650002,45.07
61.470001,44.57
61.959999,44.41
61.349998,45.96
60.189999,46.1
59.439999,46.54
63.740002,47.54
63.900002,46.32
64.220001,46.64
65.330002,44.68
65.440002,47.95
65.879997,52.28
66.260002,52.35
66.330002,53.3
66.089996,52.31
66.800003,51.9
65.040001,51.6
65.199997,52.19
65.309998,53.99
65.139999,53.28
64.889999,53.15
65.07,51.72
65.160004,54.15
65.160004,53.53
65.660004,54.56
64.580002,53.01
64.279999,54.04
64.010002,53.93
64.779999,54.95
64.800003,54.97
65.099998,54.96
65,55.05
63.779999,54.57
63.380001,54.99
64.129997,55.9
63.75,54.39
63.5,53.2
63.68,53.61
63.450001,54.51
63.27,54.37
63.5,54.3
62.830002,54.68
63.84,53.77
64.230003,53.18
64.160004,55.04
63.41,54.8
61.75,54.7
61.799999,54.34
61.41,55.89
61.860001,54.8
62.599998,54.77
61.869999,55.25
60.84,55.79
60.959999,55.94
61.799999,55.92
62.189999,55.02
62.049999,53.79
62.52,54.42
62.139999,53.98
61.130001,55.2
60.939999,54.15
61.43,54.96
60.18,54.57
60.419998,54.16
59.59,54.48
60.110001,55.25
59.68,56.34
60.939999,54.9
60.200001,55.82
59.970001,54.69
60.220001,54.65
59.48,53.36
57.68,55.72
57.990002,54.16
57.939999,54.12
58.330002,54.73
57.57,54.61
59.060001,53.3
58.549999,50.65
58.130001,50.63
58.119999,50.1
57.32,49.6
57.189999,50.63
56.93,50.56
56.799999,50.58
56.779999,50.67
57.869999,50.14
59.130001,49.56
58.950001,50.17
59.169998,49.97
58.849998,50.12
59.610001,50.72
59.02,51.36
59.75,52.25
59.439999,52.2
60.139999,52.04
60.040001,53.08
59.580002,53.41
58.439999,53.62
58.299999,54.24
57.970001,54.79
56.869999,54.73
57.16,54.75
56.939999,55.05
57.27,54.79
57.91,52.6
57.740002,52.43
56.599998,50.66
56.299999,49.93
56.099998,49.45
55.790001,49.37
55.919998,49.99
54.560001,49.46
56.07,49.46
56.27,50.41
55.75,49.31
56.77,48.82
56.43,47.53
56.119999,47.45
56.490002,46.61
56.099998,47.06
55.59,48.09
55.369999,49.18
56.459999,49.08
56.41,51.29
56.200001,51.21
55.709999,51.76
54.310001,51.71
54.360001,52.78
53.389999,53.35
53.150002,53.19
53.459999,53.29
52.740002,52.25
52.700001,50.84
53.34,52.25
52.16,50.65
51.900002,49.4
53.490002,50.41
53.830002,48.46
54.66,48.25
53.27,48.11
52.650002,47.08
53.18,46.3
52.75,46.64
51.860001,47.18
50.669998,46.95
50.779999,45.47
51.380001,45.61
51.639999,45.7
51.459999,45.93
51.950001,43.98
52.52,44.62
52.790001,44.46
54.099998,44.14
52.580002,44.09
51.759998,46.17
51.48,46.45
51.889999,47.02
52.299999,47.08
52.34,49.13
52.740002,49.15
53.130001,47.58
53.150002,48.53
52.82,46.47
54.169998,46.57
53.619999,46.68
53.029999,46.73
52.919998,47.65
54,47.89
53.900002,47.66
54.540001,47.92
54.459999,48.34
54.209999,48.54
53.849998,47.47
53.200001,47.81
52.09,49.19
52.52,50.08
51.650002,50.67
51.549999,52
51.540001,51.99
50.889999,50.77
50.619999,52.09
50.369999,52.88
50.110001,52.48
49.48,51.42
48.799999,52.18
49.139999,52.16
48.740002,52.59
49.169998,51.47
49.57,51.29
49.540001,49.9
49.700001,50.39
49.380001,50.37
49.299999,50.96
49.389999,51.94
49.810001,52.29
50.509998,52.31
50.619999,51.73
51.419998,51.87
51.400002,51.87
50.470001,51.64
51,51.91
51.549999,52.69
52.509998,53.15
52.93,52.6
52.299999,53.63
52.57,54.48
52.709999,54.16
53.419998,54.55
53.5,54.2
53.849998,55.06
54.889999,55.52
54.98,56.76
55.349998,56.18
55.099998,55.5
55.060001,56.58
55.290001,57.2
55.130001,57.73
54.990002,58.16
55.290001,59.42
54.759998,59.77
54.650002,58.74
54.450001,58.8
54.5,57.02
54.110001,55.67
54.110001,56.12
54.189999,56
54.279999,57.09
53.880001,55.5
53.599998,55.29
53.799999,56.62
53.049999,56.13
53.189999,56.13
52.490002,56.86
52.540001,57.49
53.639999,57.63
54,58.05
54.25,57.82
55.18,57.89
54.860001,57.69
55.349998,57.84
57.349998,58.45
57.25,58.75
56.740002,60.15
57.02,60.65
56.669998,61.35
56.009998,60.98
54.450001,60.79
53.700001,61.42
53.580002,64.27
54.310001,64.36
53.810001,63.96
53.82,64.49
54.299999,64.35
54.27,62.94
53.490002,60.91
53.970001,61.25
54.330002,61.18
55.32,61.34
56.009998,61.34
55.619999,62.28
55.16,62.92
54.009998,63.27
54.200001,63.58
54.810001,63.25
55.450001,63.56
55.259998,63.74
54.939999,63.53
54.599998,64.57
54.25,63.45
54.919998,63.45
55.220001,62.25
56.290001,62.37
57.540001,63.86
57.84,65.62
58.639999,64.96
58.209999,63.66
58.540001,63.72
58.290001,63.81
59.470001,64.45
60.279999,63.69
60.810001,64.43
60.77,64.64
61.110001,64.61
60.889999,66.03
60.759998,66.8
62.23,66.73
62.91,66.65
61.889999,67.85
62.259998,68.73
61.610001,68.01
61.41,68.48
63.049999,69.08
63.189999,69.79
62.939999,70.36
62.02,69.64
62.360001,70.31
61.279999,69.4
59.720001,69.19
59.599998,69.48
59.959999,68.56
57.700001,69.32
55.490002,69.81
56.119999,69.91
54.889999,71.08
52.810001,70.08
52.66,68.41
53.709999,67.78
53.32,67.78
54.630001,68.6
54.470001,67.45
54.189999,67.69
54.07,66.75
52.959999,65.74
53.779999,64.26
54.959999,63.04
55.080002,62.2
54.16,61.94
52.790001,62.29
52.889999,62.86
53.459999,64.3
54.240002,64.95
54.200001,64.68
53.889999,64.81
54.009998,66.12
55.07,67.04
55.009998,67.96
54.66,67.59
54.41,66.08
53.779999,64.23
54.18,64.26
53.130001,65.78
53.700001,65.67
55.580002,65.09
54.48,63.87
54.099998,65.19
55.150002,64.53
54.25,64.2
53.049999,63.61
54.41,63.67
52.950001,64.68
53.950001,64.82
53.970001,66
55.040001,68.15
53.98,68.98
54.099998,69.03
56.18,68.81
57.07,68.63
57.080002,68.13
57.759998,69.02
58.330002,69.02
58.619999,66.04
59.73,66.54
59.599998,66.51
59.400002,68.19
59.75,70.67
59.099998,72.74
59.740002,71.44
60.639999,73.18
60.049999,72.05
60.360001,71.71
59.98,73.73
60.169998,74.85
59.75,74.62
60.259998,74.54
60.389999,75.86
60.91,73.79
62.110001,75.39
62.330002,75.33
62.139999,75.92
62.669998,74.85
62.889999,73.14
63.400002,73.45
64.459999,74.75
64.040001,74.16
64.610001,77.6
63.689999,77.59
63.43,77.37
62.48,78.17
60.889999,78.94
60.77,78.19
62.560001,80.09
62.009998,78.38
62.259998,78.34
61.41,80.42
61.209999,78.69
61.389999,78.9
62.48,76.6
62.189999,74.51
62.580002,75.89
62.439999,76.45
62.43,74.54
61.939999,73.41
60.169998,72.91
61.18,73.23
61.330002,75.23
61.900002,75.11
60.549999,74.58
61.869999,74.86
60.360001,75.07
61.41,74.77
62.189999,72.02
62.07,74.87
62.389999,74.92
61.279999,74.25
61.830002,72.87
61.75,73.67
62.57,72.82
63.669998,73.58
63.869999,76.09
62.490002,76.26
62.389999,77.44
62.779999,76.71
61.880001,75.87
61.66,76.99
61.669998,77.09
61.93,74.98
61.619999,77.08
61.34,77.8
61.91,75.35
62.459999,72.11
63.279999,74.11
63.029999,71.03
63.790001,70.87
63.43,70.52
62.759998,71.94
62.57,71.99
61.860001,73.45
62.369999,73.53
62.650002,73.67
62.07,74.51
61.32,74.84
61.779999,74.99
60.869999,74.16
61.240002,72.28
58.91,72.95
59.169998,72.48
59.330002,72.51
59.860001,72.31
60.43,70.71
61.189999,70.55
61.02,71
61.450001,70.62
61.84,70.77
61.540001,68.38
62.060001,69.21
62.009998,70.14
61.549999,71.11
61.029999,71.65
60.759998,72.96
59.560001,73.73
59.290001,74.41
59.290001,74.41
60.09,75.91
60.509998,76.07
60.41,77.05
60.689999,76.94
60.619999,77.81
61.25,77.51
61.41,76.68
61.25,75.67
61.709999,75.55
62.360001,76.77
62.75,78.22
62.080002,80.02
62.119999,77.66
62.130001,77.87
62.869999,78.22
62.740002,79.25
63.599998,79.43
63.23,79.03
63.209999,78.9
63.080002,80.89
63.779999,82.21
61.200001,81.87
59.450001,81.54
59.880001,82.72
59.610001,84.94
60.220001,85.63
59.470001,85.45
58.830002,86.07
58.150002,85.12
57.369999,84.22
55.68,85.16
53.07,83.82
53.580002,81.35
52.950001,80.71
51.650002,80.91
53.009998,80.53
53.32,79.91
53.959999,80.3
53.220001,80.38
54.470001,80.45
54.57,78.67
55.619999,77.34
54.259998,77.3
54.139999,77.4
52.59,77.56
51.360001,75.68
51.330002,74.84
52.290001,71.25
52.650002,71.11
52.5,72.68
50.450001,70.64
51.450001,70.1
49.66,69.29
50.52,69.01
50.110001,69.81
50.799999,65.45
51.150002,64.88
50.830002,65.61
52.009998,65.29
50.419998,64.14
49.200001,61.5
48.950001,61.65
47.84,61.11
47.759998,57.69
48.330002,59.7
48.16,59.58
46.700001,57.97
45.720001,58.29
44.700001,57.71
44.169998,60.17
42.880001,61.22
42.349998,61.4
40.290001,57.83
43.169998,61.71
43.23,60.29
42.900002,59.73
43.139999,59.94
44.09,59.03
43.830002,58.56
45.669998,57.59
46.610001,55.26
47.23,55.6
48.16,52.84
48.5,51.93
48.259998,51.49
48.299999,50.57
48.549999,54.06
48.59,53.23
49.150002,55.64
50.130001,57.1
48.75,56.91
48.110001,59.46
48.490002,60.47
49.389999,59.24
48.82,58.8
49.09,58.65
49.939999,59.81
49.790001,59.85
50.209999,62.04
50.509998,62.18
50.349998,60.9
49.959999,61.05
48.240002,61.09
47.869999,61.49
48.41,59.71
48.830002,60.98
49.709999,61.89
50.139999,62.46
50.98,61.86
51.150002,62.26
51.360001,61.67
50.240002,62.22
50.360001,61.01
50.490002,61.37
50.18,61.3
50.279999,62.58
49.639999,63.27
50.599998,64
50.650002,65.65
50.360001,66.41
49.48,65.86
48.950001,66.82
47.73,66.91
48.639999,66.91
49.240002,64.02
49.849998,64.51
50.07,65.55
50.009998,65.03
50.709999,63.71
50.509998,64.44
51.279999,64.24
51.630001,64.51
49.849998,64.82
50.060001,65.66
50.869999,65.06
50.52,65.33
50.869999,65.89
50.650002,66.18
51.380001,66.11
50.849998,66.65
50.209999,67.13
50.580002,68.35
51.849998,68.3
52.029999,66.29
51.220001,67.37
51.759998,67.51
51.669998,67.35
53.07,66.08
52.66,67.93
53.009998,69.08
53.009998,69.68
52.740002,69.21
54,69.8
53.889999,69.93
53.189999,71.12
52.810001,71.02
52.360001,71.63
52.330002,71.3
51.779999,71.57
50.5,70.9
49.540001,70.74
50.139999,71.14
50.049999,70.71
49.529999,70.71
49.639999,74.39
49.450001,73.59
49.529999,74.94
48.5,71.03
49.43,71.22
49.66,72.19
50.119999,72.01
49.43,70.56
49.419998,71.95
50.240002,71.95
49.02,70.98
46.970001,71.09
46.84,70.61
46.43,71.63
46.16,72.35
45.41,72.53
44.599998,73.09
45.099998,74.7
45.82,73.94
45.150002,73.21
45.779999,72.94
45.98,71.94
46.02,68.37
46.25,67.98
45.290001,70.19
46.049999,70.64
45.400002,69.55
45.950001,66.78
46.709999,63.16
46.689999,63.56
48.02,62.14
48.299999,62.77
47.459999,64.1
47.130001,64.31
48.099998,63.56
47.880001,61.66
48.549999,63.28
48.610001,63.13
47.52,62.56
47.73,63.35
47.950001,62.85
47.82,65.44
47.889999,65.99
48.639999,65.16
48.599998,66.24
48.900002,66.85
48.049999,66.78
47.459999,67.52
46.610001,65.1
46.689999,62.72
47.080002,63.53
47.369999,63.62
47.52,64.23
47.880001,64.89
47.080002,64.3
46.919998,66.41
46.369999,67.64
47.540001,66.65
47.66,66.86
46.18,65.87
45.490002,63.67
43.759998,60.7
43.5,61.04
43.189999,61.96
44.34,62.28
43.790001,63.83
43.099998,63.47
43.560001,62.46
41.5,62.29
41.32,62.55
42.07,64.07
43.279999,62.9
42.759998,61.12
42.939999,59.32
42.799999,58.63
41.07,55.03
41.18,56.29
40.939999,57.37
41.82,57.13
42.650002,59.9
42.689999,57.86
42.419998,57.37
43.139999,59
43.919998,59.79
43.990002,59.03
45.43,60.6
45.75,59.81
45.959999,58.64
45.34,58.64
45.880001,58.44
48.240002,60.42
46.939999,60.59
46.619999,61.04
46.32,58.55
46.439999,57.93
46.25,60.68
45.110001,62.7
45.16,61.28
44.709999,63.99
44.740002,64.67
44.380001,63.02
43.32,60.76
42.25,61.25
43,68.42
43.040001,65.59
42.459999,64.29
41.549999,64.25
41.880001,65.23
42.439999,64.66
43.200001,64.13
43.110001,62.41
43.259998,62.08
42.66,62.48
42.619999,60.99
42.380001,60.06
43.16,57.92
43.919998,58.01
44.360001,59.13
44.02,59.46
44.450001,58.14
44.099998,59.7
44.580002,59.08
43.259998,60.59
43.009998,58.81
44.459999,59.19
45.84,59.3
45.790001,59.35
44.59,59.96
45.119999,58.95
45.290001,60.5
44.939999,60.52
44.66,61.71
44.240002,62.06
44.169998,60.39
44.689999,61.05
43.93,60.22
43.23,59.3
43.73,60.17
44.360001,62.52
44.259998,62.72
44.619999,62.11
43.84,62.6
44.209999,62
43.619999,62.58
43.560001,62.19
42.580002,62.27
43.52,62.46
43.259998,63.32
44.400002,62.82
44.330002,62.37
44.57,63.8
44.709999,64.99
45.73,64.83
45.330002,64.67
46.110001,64.82
46.279999,65.03
46.549999,64.68
46.689999,64.5
47.110001,63.2
47.869999,62.95
47.889999,65.25
47.889999,65.67
47.560001,66.5
47.43,66.44
47.869999,66.57
48.009998,65.37
48.119999,66.67
48.610001,67.44
49.029999,68.04
48,68.99
48.360001,69.12
48.130001,69.7
47.939999,68.66
48.25,67.49
47.75,69.26
47.860001,69.26
47.509998,68.91
46.459999,68.3
45.740002,67.77
45.450001,67.05
44.75,69.08
43.200001,70.25
43.459999,68.74
42.84,67.31
43.080002,66.58
42.02,66.77
41.630001,64.14
42.099998,64.45
43.77,63.29
43.279999,64.63
42.919998,64.05
42.459999,64.63
42.990002,63.66
43.619999,62.11
43.400002,61.26
43.02,59.34
42.689999,58.54
43.509998,59.37
43.610001,59.46
42.950001,57.72
40.689999,57.77
38.650002,54
37.439999,53.9
35.439999,55.36
35.84,55.18
36.689999,54.53
35.740002,53.39
36.099998,54
34.700001,55.54
31.870001,56.34
23.469999,57.37
24.92,57.83
22.889999,57.35
19.940001,59.72
22.290001,59.57
19.129999,58.6
19.059999,56.71
16.75,55.29
17.84,54.96
18.02,52.19
16.9,51.31
19.5,52.52
20.16,52.24
21.17,51.86
19.799999,51.29
19.6,45.6
20.01,35.33
18.92,35.57
20.57,34.45
20.559999,31.02
21.67,32.25
22.299999,27.98
23.870001,27.97
23.85,22.79
23.76,23.98
23.67,25.55
22.52,23.75
21.42,24.5
23.780001,25.62
23.309999,23.55
22.98,22.39
23.92,19.19
24.639999,14.85
24.690001,14.97
25.059999,20.24
25.82,24.33
28.709999,22.58
28.040001,22.1
25.879999,25.22
26.950001,20.23
26.59,21.74
25.91,19.8
26.58,18.69
28.15,19.75
27.52,17.36
27.200001,9.12
25.59,13.77
25.809999,15.06
25.809999,15.87
28.49,15.17
27.530001,15.6
28.66,17.86
28.309999,18.11
28.18,18.49
29,20.4
29.42,25.46
28.5,24.2
27.83,24.23
28.620001,25.53
29.59,26.67
30.549999,27.89
30.709999,29.87
33.73,30.95
36.16,33.3
34.189999,33.06
32.189999,34.76
28.67,34.78
29.620001,33.8
29.92,33.95
30.83,32.73
29.620001,33.98
30.01,34.15
29.610001,36.74
29.360001,37.72
29.35,37.98
27.43,38.41
28.040001,41
27.01,39.66
27.299999,40.45
28.059999,41.18
27.290001,37.76
27.75,38.54
27.889999,39.44
26.76,40.75
26.82,40.47
25.360001,41.75
26.200001,42.33
25.889999,43.2
26.9,42.72
27.690001,40.4
27.610001,41.18
27.18,40.97
26.969999,41.58
28.75,41.64
28.42,42.18
28.42,43.19
28.25,42.92
27.940001,42.73
27.370001,43.28
28.139999,43.67
27.5,42.35
27.450001,43.27
27.52,42.85
28.17,42.97
28.719999,43.96
28.23,43.71
28.42,43.53
29.440001,43.3
29.190001,44.31
29.59,43.98
28.959999,42.96
29.35,43.29
29.049999,43.39
28.58,43.11
28.299999,43.51
27.57,42.98
27.16,43.13
27.9,43.76
27.799999,43.99
27.08,44.92
27.280001,45.04
27.77,44.07
27.190001,44.19
26.950001,43.68
26.74,45.09
26.549999,44.87
26.530001,44.86
25.23,44.91
25.41,45.34
24.25,45.21
24.389999,44.56
24.790001,43.94
24.65,44.43
25.780001,46.01
25.860001,45.79
25.620001,44.84
24.200001,45.22
24.129999,45.72
22.85,42.7
22.91,42.72
22.610001,41.1
23.25,40.67
22.68,38.53
22.51,39.98
21.75,39.27
22.16,38.8
22.92,38.57
22.43,39.54
22.780001,41.23
23.709999,42.35
23.34,42.16
23.370001,40.37
22.9,40.84
23.16,41.09
23.549999,41.24
22.809999,40.91
22.309999,41.59
22.76,40.33
22.309999,40.3
23.120001,39.75
23.110001,38
22.049999,39.78
21.75,41.27
20.65,40.62
21.25,42
21.450001,41.63
22.35,40.5
22.24,41.34
22.34,41.81
22.34,41.61
21.66,41.34
25.41,41.29
25.99,41.62
25.719999,40.09
24.790001,41.28
25.950001,40.71
27.68,39.06
28.120001,39.72
27.57,37.86
28.139999,36.56
27.950001,36.33
30.290001,37.78
31.870001,38.17
31.27,39.68
30.809999,39.47
29.01,38.08
29.129999,40.93
30.120001,42.25
30.74,42.5
32.98,42.16
32.169998,41.51
32.610001,42.71
32.790001,42.54
33.970001,42.91
33.389999,43.09
32.09,43.79
32.939999,45
32.700001,46.63
32.450001,47.3
31.889999,46.32
30.959999,46.88
30.389999,46.84
31.379999,47.03
31.07,47.8
30.83,48.37
30.620001,49.1
31.389999,48.63
31.09,48.84
31.18,48.81
32.860001,50.33
33.889999,50.01
34.580002,50.27
34.279999,50.77
34.759998,50.83
36.610001,51.2
35.900002,52.17
37.07,50.61
35.580002,49.88
36.150002,51.05
36,50.88
34.869999,50.88
34.759998,50.44
34.23,50.74
33.5,51.22
33.139999,50.37
33.439999,53.16
32.400002,53.8
32.66,53.7
32.98,55.51
34.689999,54.84
35.009998,55.98
34.84,55.52
36.529999,55.76
35.990002,54.8
36.869999,54.21
36.27,55.38
37,55.66
38.060001,55.68
38.400002,55.22
37.220001,55.44
38.18,55.26
39.529999,55.07
40.34,54.87
41.880001,55.25
40.91,56.42
40.07,57.62
41.07,58.61
40.720001,58.98
41.400002,59.48
42.41,60.17
44.32,60.74
44.200001,61.17
42.799999,61.09
43.91,62.47
44.299999,63.58
44.150002,63.96
43.950001,65.02
42.389999,64.09
42.91,62.84
40.619999,64.73
40.860001,65.16
40.119999,66.85
39.169998,66.69
40.16,65.86
40.32,64.56
41.470001,63.17
40.75,64.7
40.490002,67.32
40.27,69.95
41.779999,68
40.41,67.03
40.330002,67.53
40.470001,69.34
39.869999,68.87
39.490002,68.78
39.119999,67.95
38.990002,67.73
40.209999,62.11
39.860001,64
39.380001,63.89
39.360001,59.96
38.16,63.7
38.66,61.21
38.279999,63.77
38.779999,64.06
39.200001,63.28
39.68,63.52
41.349998,63.85
41.700001,61.47
40.759998,61.86
42.040001,62.09
41.849998,61.89
43.209999,62.38
43.369999,62.83
44.380001,66.11
44.299999,66.13
43.360001,65.98
43.470001,66.54
42.740002,65.34
44.389999,64.02
45.580002,65.07
44.66,65.75
43.549999,65.5
43.360001,66.25
43.419998,67.08
43.740002,68.26
42.790001,67.73
43.27,68.91
43.599998,69.71
43.57,68.62
45.75,68.73
46.799999,68.61
46.889999,68.83
47.119999,69.62
46.990002,67.36
47.189999,69.24
46.75,69.62
46.540001,69.01
46.509998,66.88
46.130001,65.18
46.950001,66.72
46.689999,68.59
44.68,68.8
43.43,68.93
45.380001,69.43
45.509998,69.36
45.5,70.03
46.02,70.6
46.400002,70.71
44.619999,71.3
44.450001,70.89
45.290001,71.39
46.349998,71.31
46.150002,71.65
44.310001,72.05
43.48,72.27
43.25,73.38
44.330002,73.88
44.299999,72.92
43.919998,73.1
42.220001,74.49
41.369999,74.92
40.23,75.22
38.59,75.95
39.23,76.45
40.73,74.78
40.220001,75.38
40.009998,76.94
41.060001,76.69
40.5,77.51
41.049999,78.34
41.360001,75.81
40.639999,74.31
40.16,75.07
41.040001,77.14
39.610001,76.77
40.369999,77.5
40.779999,75.74
40.16,74.53
40.959999,74.46
41.349998,69.33
41.310001,70.03
40.549999,72.54
39.57,74.25
39.09,74.86
38.349998,74.79
37.220001,74.87
37.389999,75.09
38.950001,76.3
39.880001,77.72
40.32,73.91
39.630001,73.24
41.060001,70.99
40.529999,72.14
40.529999,71.02
39.799999,69.65
41.029999,71.14
40.779999,71.99
40.549999,71.79
39.939999,70.9
40.110001,70.07
40.110001,69.4
41.549999,68.61
40.919998,66.8
42.82,65.51
42.310001,69.07
41.959999,71.21
40.16,72.12
40.25,70.42
41.669998,72.26
43.369999,73.45
43.740002,71.99
45.700001,73.56
45.650002,73.07
45.700001,72.43
45.130001,71.52
46.57,72.36
47.639999,71.32
48.029999,72.44
47.540001,72.97
48,73.05
49.73,74.84
49.700001,75.14
49.799999,74.64
49.639999,73.59
50.330002,73.65
50.490002,75.5
50.639999,76.44
51.009998,77.42
51.380001,78.85
50.32,78.3
50.950001,77.86
51.720001,77.81
51.869999,79.4
50.119999,81.44
50.490002,82.72
49.810001,81.39
50.98,82.34
50.610001,82.17
50.27,83.75
50.32,83.53
51.060001,83.53
51.619999,83.86
51.560001,84.67
49.82,84.13
50.16,85.02
50.099998,85.76
50.349998,84.58
50.330002,85.43
49.130001,84.85
49.029999,85.11
46.919998,84.12
47.84,83.4
49.619999,83.1
50.25,84.51
47.790001,84.42
48.220001,81.1
46.939999,80.15
46.189999,82.43
47.650002,83.22
47.18,84.52
47.950001,82.91
49.470001,83.4
49.41,82.9
48.73,81.94
49.209999,82.85
47.560001,80.67
47.110001,82.45
46.970001,80.24
47.240002,80.97
46.310001,83.43
45.150002,82.37
46.799999,82.05
47.09,72.37
47.119999,73.34
48.400002,70.86
48.419998,69.53
48.130001,70.56
47.700001,70.71
47.77,73.38
49.439999,75.54
51.439999,75.94
50.950001,74.1
52.349998,74.98
53.119999,74.12
52.84,73.37
54.790001,73.71
55.119999,74.64
54.790001,72.97
56.34,70.51
56.150002,72.85
55.52,74.69
54.630001,76.26
53.389999,75.24
53.73,78.63
56.16,78.61
56.150002,77.24
56.560001,78.25
56.689999,79.39
56.860001,80.6
58.439999,81.99
58.869999,82.28
58.330002,81.56
59.25,84.98
59.779999,85.83
58.439999,85.8
59.18,87.17
59.029999,87.82
61,88.83
59.209999,89.64
58.490002,89.75
59.209999,89.75
59.18,87.74
58.790001,89.49
57.669998,91.22
58.220001,90.7
57.799999,91.47
59.259998,92.35
61.119999,90.24
61.310001,91.43
62.73,92.99
62.740002,96.86
64.790001,97.28
65.160004,96.07
65.540001,94.95
64.019997,96.37
66.129997,97.5
65.300003,101.66
63.169998,98.43
61.549999,97.44
61.290001,95.28
64.080002,96.18
64.010002,98.95
66.360001,98.73
65.849998,99.29
67.160004,101.29
67.330002,98.56
69.040001,103.08
69.040001,110.93
